Name,Url,Singer
BTS (방탄소년단) 'Life Goes On' Official MV,/watch?v=-5q5mZbe3V8,Big Hit Labels
MIN - ‘TRÊN TÌNH BẠN DƯỚI TÌNH YÊU’ OFFICIAL MUSIC VIDEO,/watch?v=0R8IbpKXavM,MIN OFFICIAL
Em Là Châu Báu - TLinh x MCK x CB | Official MV,/watch?v=eo_JVyY1Ra4,POPS MUSIC
YC - Tượng (Official Audio),/watch?v=Mt8VnhbbIVc,Rhymastic Official
SOOBIN - TRÒ CHƠI (Official Music Video),/watch?v=QFHvfQDgRFA,SOOBIN Official
Qua Khung Cửa Sổ - Chillies [Official Music Video],/watch?v=OmmbiyE-d4Q,Chillies
Thịnh Suy - Tình Yêu Xanh Lá (juju) | Official Music Video,/watch?v=x-g1o_tkLj4,Thịnh Suy
Sao em lại tắt máy? - Phạm Nguyên Ngọc ft.Vanh,/watch?v=LZZexCVBHfM,Phạm Nguyên Ngọc
Vì Anh Là Gu Chị - Official Music Video | Phạm Quỳnh Anh feat. Ricky Star,/watch?v=aDoi6mJ1jpM,Phạm Quỳnh Anh Official
BINZ - ToGetHer (Official Music Video),/watch?v=Ob2NQwoHKTI,Binz Da Poet
aespa 에스파 'Black Mamba' MV,/watch?v=ZeerrnuLi5E,SMTOWN
"Cần Không Có, Có Không Cần - Thanh Hưng (Lyrics Video)",/watch?v=5MTSQspPjXQ,Thanh Hưng Official
XIN CÔ ĐƠN ĐI | K-ICM FT. APJ (#AMCDD2) | OFFICIAL MUSIC VIDEO,/watch?v=r8NFz3ZTSi4,K-ICM Official
Đường Ai Nấy Đi - Bùi Anh Tuấn | St : Nguyễn Minh Cường | MUSIC DIARY 3 #1 | Live in Studio,/watch?v=hfJsf8acU8w,Nguyễn Minh Cường
WEAN - LAVIE (OFFICIAL MV),/watch?v=ecDiXqAppbk,WEAN
LỜI ĐƯỜNG MẬT - LYLY ft HIEUTHUHAI (Official Music Video),/watch?v=ql0e9SdngD8,LyLy Official
Tàu Đêm Năm Cũ Karaoke Tone Nữ Nhạc Sống | Trọng Hiếu,/watch?v=tTMeKKX6PdA,Hiếu Organ
Hành Tinh Ánh Sáng - Vũ Cát Tường | Official Music Video,/watch?v=tN4h9ZpM2-Q,Vũ Cát Tường
Yêu Một Người Sao Buồn Đến Thế - Noo Phước Thịnh | Live @ Noo's Chill Night EP.02,/watch?v=262PMoup--4,Noo Phước Thịnh
NGUYỆT HẠ TIỀN HOA | HỒ QUANG HIẾU X HOAPROX | OFFICIAL MV,/watch?v=Ceb17QQu7dM,Hồ Quang Hiếu TV
"Shawn Mendes, Justin Bieber - Monster",/watch?v=MPbUaIZAaeA,Shawn Mendes
Chợt Thấy Em Khóc - Noo Phước Thịnh | Live @ Noo's Chill Night EP.02,/watch?v=lPM912TkawU,Noo Phước Thịnh
CUỘC GỌI NHỠ - VƯƠNG ANH TÚ | OFFICIAL MUSIC VIDEO,/watch?v=H7H2sPbni6U,Vương Anh Tú Official
Hoa Chưa Tàn Tình Đã Tan (Lofi Ver.) - NB3 Hoài Bảo x Freak D,/watch?v=zy_vuDmPGMs,Freak D Music
Buồn Vì Ta Mất Nhau - Trịnh Đình Quang [MV OFFICIAL],/watch?v=sZdO2A5fuas,Trịnh Đình Quang Official
"TWICE ""I CAN'T STOP ME"" M/V",/watch?v=CM4CkVFmTds,JYP Entertainment
Phố Cũ Còn Anh / Quinn Ft. Chilly (Lyrics),/watch?v=duKYIjLu1bo,NGƯỜI KỂ TÌNH CA
Kẻ Mộng Mơ (Lofi Ver.) - Reddy x Freak D,/watch?v=CcJ5nal2c2o,Freak D Music
Em Đừng Đi !!! - Lâm Hùng - Hoàng Châu | Tuyệt Đỉnh Song Ca Hay Nhất,/watch?v=4ws9nPdz18Q,Lâm Hùng Official
aespa 에스파 'Black Mamba' The Debut Stage,/watch?v=Ky5RT5oGg0w,aespa
